time_utc_iso,twl_ft_mllw,tide_ft_mllw,surge_ft,src_time
2026-03-19T00:00:00.000Z,4.637,4.271,-0.3,202603190000
2026-03-19T01:00:00.000Z,4.198,4.004,-0.3,202603190100
2026-03-19T02:00:00.000Z,3.427,3.195,-0.2,202603190200
2026-03-19T03:00:00.000Z,2.289,2.037,-0.2,202603190300
2026-03-19T04:00:00.000Z,1.02,0.848,-0.2,202603190400
2026-03-19T05:00:00.000Z,0.239,-0.074,-0.2,202603190500
2026-03-19T06:00:00.000Z,-0.219,-0.511,0.1,202603190600
2026-03-19T07:00:00.000Z,0.098,-0.311,0.1,202603190700
2026-03-19T08:00:00.000Z,1.039,0.516,0.2,202603190800
2026-03-19T09:00:00.000Z,2.109,1.728,0.2,202603190900
2026-03-19T10:00:00.000Z,3.27,2.948,0.2,202603191000
2026-03-19T11:00:00.000Z,4.319,3.881,0.2,202603191100
2026-03-19T12:00:00.000Z,4.759,4.368,0.2,202603191200
2026-03-19T13:00:00.000Z,4.719,4.304,0.2,202603191300
2026-03-19T14:00:00.000Z,4.129,3.646,0.3,202603191400
2026-03-19T15:00:00.000Z,2.869,2.529,0.3,202603191500
2026-03-19T16:00:00.000Z,1.518,1.256,0.3,202603191600
2026-03-19T17:00:00.000Z,0.409,0.162,0.3,202603191700
2026-03-19T18:00:00.000Z,-0.131,-0.484,0.3,202603191800
2026-03-19T19:00:00.000Z,-0.2,-0.491,0.3,202603191900
2026-03-19T20:00:00.000Z,0.469,0.19,0.4,202603192000
2026-03-19T21:00:00.000Z,1.8,1.371,0.4,202603192100
2026-03-19T22:00:00.000Z,3.168,2.676,0.4,202603192200
2026-03-19T23:00:00.000Z,4.28,3.76,0.5,202603192300
2026-03-20T00:00:00.000Z,5.11,4.416,0.4,202603200000
2026-03-20T01:00:00.000Z,4.939,4.53,0.4,202603200100
2026-03-20T02:00:00.000Z,4.368,4.043,0.4,202603200200
2026-03-20T03:00:00.000Z,3.388,3.036,0.4,202603200300
2026-03-20T04:00:00.000Z,2.148,1.761,0.4,202603200400
2026-03-20T05:00:00.000Z,1.029,0.543,0.4,202603200500
2026-03-20T06:00:00.000Z,0.321,-0.325,0.4,202603200600
2026-03-20T07:00:00.000Z,-0.141,-0.622,0.4,202603200700
2026-03-20T08:00:00.000Z,0.308,-0.236,0.4,202603200800
2026-03-20T09:00:00.000Z,1.318,0.734,0.4,202603200900
2026-03-20T10:00:00.000Z,2.4,1.984,0.4,202603201000
2026-03-20T11:00:00.000Z,3.67,3.155,0.4,202603201100
2026-03-20T12:00:00.000Z,4.378,3.986,0.4,202603201200
2026-03-20T13:00:00.000Z,4.788,4.323,0.4,202603201300
2026-03-20T14:00:00.000Z,4.628,4.072,0.4,202603201400
2026-03-20T15:00:00.000Z,3.588,3.254,0.4,202603201500
2026-03-20T16:00:00.000Z,2.289,2.063,0.4,202603201600
2026-03-20T17:00:00.000Z,0.98,0.814,0.4,202603201700
2026-03-20T18:00:00.000Z,0.131,-0.163,0.5,202603201800
2026-03-20T19:00:00.000Z,-0.298,-0.601,0.5,202603201900
2026-03-20T20:00:00.000Z,-0.029,-0.346,0.5,202603202000
2026-03-20T21:00:00.000Z,0.99,0.558,0.5,202603202100
2026-03-20T22:00:00.000Z,2.24,1.852,0.5,202603202200
2026-03-20T23:00:00.000Z,3.529,3.165,0.4,202603202300
2026-03-21T00:00:00.000Z,4.578,4.18,0.4,202603210000
2026-03-21T01:00:00.000Z,4.857,4.698,0.4,202603210100
2026-03-21T02:00:00.000Z,4.798,4.624,0.3,202603210200
2026-03-21T03:00:00.000Z,4.237,3.957,0.3,202603210300
2026-03-21T04:00:00.000Z,2.978,2.832,0.1,202603210400
2026-03-21T05:00:00.000Z,1.718,1.516,0.1,202603210500
2026-03-21T06:00:00.000Z,0.698,0.334,0.1,202603210600
2026-03-21T07:00:00.000Z,-0.121,-0.423,0.2,202603210700
2026-03-21T08:00:00.000Z,-0.2,-0.562,0.2,202603210800
2026-03-21T09:00:00.000Z,0.341,-0.048,0.2,202603210900
2026-03-21T10:00:00.000Z,1.439,0.966,0.2,202603211000
2026-03-21T11:00:00.000Z,2.719,2.178,0.2,202603211100
2026-03-21T12:00:00.000Z,3.729,3.256,0.3,202603211200
2026-03-21T13:00:00.000Z,4.578,3.95,0.4,202603211300
2026-03-21T14:00:00.000Z,4.739,4.121,0.4,202603211400
2026-03-21T15:00:00.000Z,4.339,3.727,0.4,202603211500
2026-03-21T16:00:00.000Z,3.44,2.834,0.4,202603211600
2026-03-21T17:00:00.000Z,2.148,1.647,0.5,202603211700
2026-03-21T18:00:00.000Z,0.898,0.488,0.5,202603211800
2026-03-21T19:00:00.000Z,0.239,-0.313,0.5,202603211900
2026-03-21T20:00:00.000Z,-0.121,-0.523,0.5,202603212000
2026-03-21T21:00:00.000Z,0.469,-0.067,0.6,202603212100
2026-03-21T22:00:00.000Z,1.8,0.954,0.7,202603212200
2026-03-21T23:00:00.000Z,3.119,2.276,0.7,202603212300
2026-03-22T00:00:00.000Z,4.834,3.541,0.6,202603220000
2026-03-22T01:00:00.000Z,5.028,4.438,0.6,202603220100
2026-03-22T02:00:00.000Z,5.349,4.797,0.6,202603220200
2026-03-22T03:00:00.000Z,5.159,4.574,0.6,202603220300
2026-03-22T04:00:00.000Z,4.349,3.808,0.6,202603220400
2026-03-22T05:00:00.000Z,3.299,2.644,0.6,202603220500
2026-03-22T06:00:00.000Z,2.01,1.356,0.6,202603220600
2026-03-22T07:00:00.000Z,0.928,0.274,0.6,202603220700
2026-03-22T08:00:00.000Z,0.469,-0.344,0.6,202603220800
2026-03-22T09:00:00.000Z,0.459,-0.375,0.6,202603220900
2026-03-22T10:00:00.000Z,1.069,0.174,0.6,202603221000
2026-03-22T11:00:00.000Z,2.148,1.158,0.6,202603221100
2026-03-22T12:00:00.000Z,3.568,2.287,0.7,202603221200
2026-03-22T13:00:00.000Z,4.398,3.233,0.7,202603221300
2026-03-22T14:00:00.000Z,4.818,3.773,0.7,202603221400
2026-03-22T15:00:00.000Z,5.008,3.819,0.7,202603221500
2026-03-22T16:00:00.000Z,4.257,3.36,0.8,202603221600
2026-03-22T17:00:00.000Z,3.44,2.462,0.7,202603221700
2026-03-22T18:00:00.000Z,2.059,1.342,0.7,202603221800
2026-03-22T19:00:00.000Z,1.118,0.332,0.7,202603221900
2026-03-22T20:00:00.000Z,0.498,-0.271,0.6,202603222000
2026-03-22T21:00:00.000Z,0.478,-0.312,0.6,202603222100
2026-03-22T22:00:00.000Z,1.151,0.242,0.5,202603222200
2026-03-22T23:00:00.000Z,2.318,1.295,0.5,202603222300
2026-03-23T00:00:00.000Z,3.44,2.585,0.6,202603230000
2026-03-23T01:00:00.000Z,4.598,3.748,0.6,202603230100
2026-03-23T02:00:00.000Z,5.569,4.502,0.6,202603230200
2026-03-23T03:00:00.000Z,5.497,4.738,0.6,202603230300
2026-03-23T04:00:00.000Z,5.307,4.443,0.6,202603230400
2026-03-23T05:00:00.000Z,4.29,3.651,0.6,202603230500
2026-03-23T06:00:00.000Z,3.289,2.516,0.7,202603230600
2026-03-23T07:00:00.000Z,2.079,1.328,0.7,202603230700
2026-03-23T08:00:00.000Z,1.669,0.382,0.8,202603230800
2026-03-23T09:00:00.000Z,1.161,-0.138,0.8,202603230900
2026-03-23T10:00:00.000Z,0.76,-0.144,0.9,202603231000
2026-03-23T11:00:00.000Z,1.538,0.376,0.9,202603231100
2026-03-23T12:00:00.000Z,2.929,1.288,1,202603231200
2026-03-23T13:00:00.000Z,3.548,2.292,1.1,202603231300
2026-03-23T14:00:00.000Z,4.578,3.087,1.1,202603231400
2026-03-23T15:00:00.000Z,4.998,3.511,1.2,202603231500
2026-03-23T16:00:00.000Z,4.979,3.504,1.2,202603231600
2026-03-23T17:00:00.000Z,4.208,3.041,1.2,202603231700
2026-03-23T18:00:00.000Z,3.03,2.194,1.2,202603231800
2026-03-23T19:00:00.000Z,2.387,1.2,1.1,202603231900
2026-03-23T20:00:00.000Z,1.469,0.364,1.1,202603232000
2026-03-23T21:00:00.000Z,1.118,-0.095,1.2,202603232100
2026-03-23T22:00:00.000Z,0.951,-0.063,1.2,202603232200
2026-03-23T23:00:00.000Z,1.498,0.51,1.1,202603232300
2026-03-24T00:00:00.000Z,3.017,1.537,0.9,202603240000
2026-03-24T01:00:00.000Z,3.539,2.735,0.8,202603240100
2026-03-24T02:00:00.000Z,4.119,3.763,0.8,202603240200
2026-03-24T03:00:00.000Z,4.9,4.404,0.8,202603240300
2026-03-24T04:00:00.000Z,5.549,4.586,0.7,202603240400
2026-03-24T05:00:00.000Z,5.32,4.283,0.7,202603240500
2026-03-24T06:00:00.000Z,4.648,3.528,0.8,202603240600
2026-03-24T07:00:00.000Z,3.796,2.493,1,202603240700
2026-03-24T08:00:00.000Z,2.83,1.444,1.1,202603240800
2026-03-24T09:00:00.000Z,2.071,0.601,1.2,202603240900
2026-03-24T10:00:00.000Z,1.459,0.106,1.1,202603241000
2026-03-24T11:00:00.000Z,1.406,0.07,1.1,202603241100
2026-03-24T12:00:00.000Z,1.947,0.528,1.2,202603241200
2026-03-24T13:00:00.000Z,2.731,1.329,1.2,202603241300
2026-03-24T14:00:00.000Z,3.475,2.19,1.1,202603241400
2026-03-24T15:00:00.000Z,4.139,2.87,1.1,202603241500
2026-03-24T16:00:00.000Z,4.498,3.246,1.1,202603241600
2026-03-24T17:00:00.000Z,4.477,3.242,1.1,202603241700
2026-03-24T18:00:00.000Z,3.96,2.825,1,202603241800
2026-03-24T19:00:00.000Z,3.219,2.084,1,202603241900
2026-03-24T20:00:00.000Z,2.377,1.242,1,202603242000
2026-03-24T21:00:00.000Z,1.567,0.532,0.9,202603242100
2026-03-24T22:00:00.000Z,1.161,0.126,0.9,202603242200
2026-03-24T23:00:00.000Z,1.194,0.159,0.9,202603242300
2026-03-25T00:00:00.000Z,1.633,0.698,0.8,202603250000
2026-03-25T01:00:00.000Z,2.475,1.64,0.7,202603250100
2026-03-25T02:00:00.000Z,3.545,2.71,0.7,202603250200
2026-03-25T03:00:00.000Z,4.36,3.625,0.6,202603250300
2026-03-25T04:00:00.000Z,4.949,4.214,0.6,202603250400
2026-03-25T05:00:00.000Z,5.033,4.398,0.5,202603250500
2026-03-25T06:00:00.000Z,4.774,4.139,0.5,202603250600
2026-03-25T07:00:00.000Z,4.117,3.482,0.5,202603250700
2026-03-25T08:00:00.000Z,3.121,2.586,0.4,202603250800
2026-03-25T09:00:00.000Z,2.183,1.648,0.4,202603250900
2026-03-25T10:00:00.000Z,1.277,0.842,0.3,202603251000
2026-03-25T11:00:00.000Z,0.659,0.324,0.2,202603251100
2026-03-25T12:00:00.000Z,0.567,0.232,0.2,202603251200
2026-03-25T13:00:00.000Z,0.83,0.595,0.1,202603251300
2026-03-25T14:00:00.000Z,1.505,1.27,0.1,202603251400
2026-03-25T15:00:00.000Z,2.258,2.023,0.1,202603251500
2026-03-25T16:00:00.000Z,2.892,2.657,0.1,202603251600
2026-03-25T17:00:00.000Z,3.175,3.04,0,202603251700
2026-03-25T18:00:00.000Z,3.219,3.084,0,202603251800
2026-03-25T19:00:00.000Z,2.996,2.761,0.1,202603251900
2026-03-25T20:00:00.000Z,2.386,2.151,0.1,202603252000
2026-03-25T21:00:00.000Z,1.652,1.417,0.1,202603252100
2026-03-25T22:00:00.000Z,0.986,0.751,0.1,202603252200
2026-03-25T23:00:00.000Z,0.569,0.334,0.1,202603252300
2026-03-26T00:00:00.000Z,0.555,0.32,0.1,202603260000
2026-03-26T01:00:00.000Z,0.907,0.772,0,202603260100
2026-03-26T02:00:00.000Z,1.727,1.592,0,202603260200
2026-03-26T03:00:00.000Z,2.686,2.551,0,202603260300
2026-03-26T04:00:00.000Z,3.543,3.408,0,202603260400
2026-03-26T05:00:00.000Z,4.13,3.995,0,202603260500
2026-03-26T06:00:00.000Z,4.358,4.223,0,202603260600
2026-03-26T07:00:00.000Z,4.194,4.059,0,202603260700
2026-03-26T08:00:00.000Z,3.667,3.532,0,202603260800
2026-03-26T09:00:00.000Z,2.879,2.744,0,202603260900
2026-03-26T10:00:00.000Z,1.987,1.852,0,202603261000
2026-03-26T11:00:00.000Z,1.071,1.036,-0.1,202603261100
2026-03-26T12:00:00.000Z,0.507,0.472,-0.1,202603261200
2026-03-26T13:00:00.000Z,0.333,0.298,-0.1,202603261300
2026-03-26T14:00:00.000Z,0.592,0.557,-0.1,202603261400
2026-03-26T15:00:00.000Z,1.18,1.145,-0.1,202603261500
2026-03-26T16:00:00.000Z,1.897,1.862,-0.1,202603261600
2026-03-26T17:00:00.000Z,2.541,2.506,-0.1,202603261700
2026-03-26T18:00:00.000Z,2.875,2.94,-0.2,202603261800
2026-03-26T19:00:00.000Z,3.012,3.077,-0.2,202603261900
2026-03-26T20:00:00.000Z,2.805,2.87,-0.2,202603262000
2026-03-26T21:00:00.000Z,2.283,2.348,-0.2,202603262100
2026-03-26T22:00:00.000Z,1.58,1.645,-0.2,202603262200
2026-03-26T23:00:00.000Z,0.895,0.96,-0.2,202603262300
2026-03-27T00:00:00.000Z,0.423,0.488,-0.2,202603270000
2026-03-27T01:00:00.000Z,0.215,0.38,-0.3,202603270100
2026-03-27T02:00:00.000Z,0.449,0.714,-0.4,202603270200
2026-03-27T03:00:00.000Z,1.168,1.433,-0.4,202603270300
2026-03-27T04:00:00.000Z,1.971,2.336,-0.5,202603270400
2026-03-27T05:00:00.000Z,2.716,3.181,-0.6,202603270500
2026-03-27T06:00:00.000Z,3.337,3.802,-0.6,202603270600
2026-03-27T07:00:00.000Z,3.653,4.118,-0.6,202603270700
2026-03-27T08:00:00.000Z,3.506,4.071,-0.7,202603270800
2026-03-27T09:00:00.000Z,3.071,3.636,-0.7,202603270900
2026-03-27T10:00:00.000Z,2.321,2.886,-0.7,202603271000
2026-03-27T11:00:00.000Z,1.427,1.992,-0.7,202603271100
2026-03-27T12:00:00.000Z,0.575,1.14,-0.7,202603271200
2026-03-27T13:00:00.000Z,-0.061,0.504,-0.7,202603271300
2026-03-27T14:00:00.000Z,-0.322,0.243,-0.7,202603271400
2026-03-27T15:00:00.000Z,-0.022,0.443,-0.6,202603271500
2026-03-27T16:00:00.000Z,0.556,1.021,-0.6,202603271600
2026-03-27T17:00:00.000Z,1.297,1.762,-0.6,202603271700
2026-03-27T18:00:00.000Z,2.098,2.463,-0.5,202603271800
2026-03-27T19:00:00.000Z,2.729,2.994,-0.4,202603271900
2026-03-27T20:00:00.000Z,2.976,3.241,-0.4,202603272000
2026-03-27T21:00:00.000Z,2.94,3.105,-0.3,202603272100
2026-03-27T22:00:00.000Z,2.527,2.592,-0.2,202603272200
2026-03-27T23:00:00.000Z,1.795,1.86,-0.2,202603272300
2026-03-28T00:00:00.000Z,1.151,1.116,-0.1,202603280000
2026-03-28T01:00:00.000Z,0.479,0.544,-0.2,202603280100
2026-03-28T02:00:00.000Z,0.352,0.317,-0.1,202603280200
2026-03-28T03:00:00.000Z,0.596,0.561,-0.1,202603280300
2026-03-28T04:00:00.000Z,1.273,1.238,-0.1,202603280400
2026-03-28T05:00:00.000Z,2.167,2.132,-0.1,202603280500
2026-03-28T06:00:00.000Z,3.136,3.001,0,202603280600
